{
  "android/app/src/main/kotlin/com/shadow/blackhole/BlackHoleMusicWidget.kt": 1777100338.8427165,
  "android/app/src/main/kotlin/com/shadow/blackhole/MainActivity.kt": 1777100338.8428226,
  "ios/Runner/AppDelegate.swift": 1777100338.86074,
  "ios/Runner/Runner-Bridging-Header.h": 1777100338.861445,
  "linux/main.cc": 1777100338.8690248,
  "linux/my_application.cc": 1777100338.8690248,
  "linux/my_application.h": 1777100338.8690248,
  "linux/flutter/generated_plugin_registrant.cc": 1777100338.8690248,
  "linux/flutter/generated_plugin_registrant.h": 1777100338.8690248,
  "macos/Flutter/GeneratedPluginRegistrant.swift": 1777100338.8700795,
  "macos/Runner/AppDelegate.swift": 1777100338.8703177,
  "macos/Runner/MainFlutterWindow.swift": 1777100338.8707483,
  "macos/RunnerTests/RunnerTests.swift": 1777100338.8707483,
  "windows/flutter/generated_plugin_registrant.cc": 1777100338.8711755,
  "windows/flutter/generated_plugin_registrant.h": 1777100338.8711755,
  "windows/runner/flutter_window.cpp": 1777100338.8727405,
  "windows/runner/flutter_window.h": 1777100338.8727405,
  "windows/runner/main.cpp": 1777100338.8727405,
  "windows/runner/resource.h": 1777100338.8727405,
  "windows/runner/run_loop.cpp": 1777100338.8730023,
  "windows/runner/run_loop.h": 1777100338.8730023,
  "windows/runner/utils.cpp": 1777100338.8730023,
  "windows/runner/utils.h": 1777100338.8730023,
  "windows/runner/win32_window.cpp": 1777100338.8730023,
  "windows/runner/win32_window.h": 1777100338.8730023,
  "CODE_OF_CONDUCT.md": 1777100338.8414373,
  "CONTRIBUTING.md": 1777100338.8414373,
  "README.BE.md": 1777100338.8414373,
  "README.ES.md": 1777100338.8414373,
  "README.FR.md": 1777100338.8414373,
  "README.ID.md": 1777100338.8414373,
  "README.JA.md": 1777100338.8414373,
  "README.PT.md": 1777100338.8414373,
  "README.RU.md": 1777100338.8414373,
  "README.TR.md": 1777100338.8414373,
  "README.md": 1777100338.8414373,
  "fastlane/metadata/android/en-US/full_description.txt": 1777100338.8482993,
  "fastlane/metadata/android/en-US/short_description.txt": 1777100338.858714,
  "fastlane/metadata/android/en-US/title.txt": 1777100338.858714,
  "ios/Runner/Assets.xcassets/LaunchImage.imageset/README.md": 1777100338.8613105,
  "linux/CMakeLists.txt": 1777100338.868928,
  "linux/flutter/CMakeLists.txt": 1777100338.868928,
  "windows/CMakeLists.txt": 1777100338.8711164,
  "windows/flutter/CMakeLists.txt": 1777100338.8711164,
  "windows/runner/CMakeLists.txt": 1777100338.8726144,
  "get_github.png": 1777100338.858714,
  "get_telegram.png": 1777100338.858714,
  "get_website.png": 1777100338.858714,
  "android/app/src/main/res/drawable-hdpi/audio_service_fast_forward.png": 1777100338.84293,
  "android/app/src/main/res/drawable-hdpi/audio_service_fast_rewind.png": 1777100338.8430057,
  "android/app/src/main/res/drawable-hdpi/audio_service_pause.png": 1777100338.8430057,
  "android/app/src/main/res/drawable-hdpi/audio_service_play_arrow.png": 1777100338.8430057,
  "android/app/src/main/res/drawable-hdpi/audio_service_skip_next.png": 1777100338.8430057,
  "android/app/src/main/res/drawable-hdpi/audio_service_skip_previous.png": 1777100338.8430057,
  "android/app/src/main/res/drawable-hdpi/audio_service_stop.png": 1777100338.8430057,
  "android/app/src/main/res/drawable-hdpi/ic_stat_music_note.png": 1777100338.8430057,
  "android/app/src/main/res/drawable-mdpi/audio_service_fast_forward.png": 1777100338.8430057,
  "android/app/src/main/res/drawable-mdpi/audio_service_fast_rewind.png": 1777100338.843259,
  "android/app/src/main/res/drawable-mdpi/audio_service_pause.png": 1777100338.843259,
  "android/app/src/main/res/drawable-mdpi/audio_service_play_arrow.png": 1777100338.843259,
  "android/app/src/main/res/drawable-mdpi/audio_service_skip_next.png": 1777100338.843259,
  "android/app/src/main/res/drawable-mdpi/audio_service_skip_previous.png": 1777100338.843259,
  "android/app/src/main/res/drawable-mdpi/audio_service_stop.png": 1777100338.843259,
  "android/app/src/main/res/drawable-mdpi/ic_stat_music_note.png": 1777100338.843259,
  "android/app/src/main/res/drawable-xhdpi/audio_service_fast_forward.png": 1777100338.8435376,
  "android/app/src/main/res/drawable-xhdpi/audio_service_fast_rewind.png": 1777100338.8436296,
  "android/app/src/main/res/drawable-xhdpi/audio_service_pause.png": 1777100338.8436296,
  "android/app/src/main/res/drawable-xhdpi/audio_service_play_arrow.png": 1777100338.8436296,
  "android/app/src/main/res/drawable-xhdpi/audio_service_skip_next.png": 1777100338.8436296,
  "android/app/src/main/res/drawable-xhdpi/audio_service_skip_previous.png": 1777100338.8436296,
  "android/app/src/main/res/drawable-xhdpi/audio_service_stop.png": 1777100338.8436296,
  "android/app/src/main/res/drawable-xhdpi/ic_stat_music_note.png": 1777100338.8436296,
  "android/app/src/main/res/drawable-xxhdpi/audio_service_fast_forward.png": 1777100338.8436296,
  "android/app/src/main/res/drawable-xxhdpi/audio_service_fast_rewind.png": 1777100338.8438048,
  "android/app/src/main/res/drawable-xxhdpi/audio_service_pause.png": 1777100338.8438048,
  "android/app/src/main/res/drawable-xxhdpi/audio_service_play_arrow.png": 1777100338.8438048,
  "android/app/src/main/res/drawable-xxhdpi/audio_service_skip_next.png": 1777100338.8438048,
  "android/app/src/main/res/drawable-xxhdpi/audio_service_skip_previous.png": 1777100338.8438048,
  "android/app/src/main/res/drawable-xxhdpi/audio_service_stop.png": 1777100338.8438048,
  "android/app/src/main/res/drawable-xxhdpi/ic_stat_music_note.png": 1777100338.8438048,
  "android/app/src/main/res/drawable-xxxhdpi/audio_service_fast_forward.png": 1777100338.8438048,
  "android/app/src/main/res/drawable-xxxhdpi/audio_service_fast_rewind.png": 1777100338.8439832,
  "android/app/src/main/res/drawable-xxxhdpi/audio_service_pause.png": 1777100338.8439832,
  "android/app/src/main/res/drawable-xxxhdpi/audio_service_play_arrow.png": 1777100338.8439832,
  "android/app/src/main/res/drawable-xxxhdpi/audio_service_skip_next.png": 1777100338.8439832,
  "android/app/src/main/res/drawable-xxxhdpi/audio_service_skip_previous.png": 1777100338.8439832,
  "android/app/src/main/res/drawable-xxxhdpi/audio_service_stop.png": 1777100338.8439832,
  "android/app/src/main/res/drawable-xxxhdpi/ic_stat_music_note.png": 1777100338.8439832,
  "android/app/src/main/res/mipmap-hdpi/ic_launcher.png": 1777100338.8443449,
  "android/app/src/main/res/mipmap-hdpi/ic_launcher_foreground.png": 1777100338.844427,
  "android/app/src/main/res/mipmap-hdpi/ic_launcher_round.png": 1777100338.844427,
  "android/app/src/main/res/mipmap-hdpi/splash.png": 1777100338.844427,
  "android/app/src/main/res/mipmap-mdpi/ic_launcher.png": 1777100338.844427,
  "android/app/src/main/res/mipmap-mdpi/ic_launcher_foreground.png": 1777100338.8447735,
  "android/app/src/main/res/mipmap-mdpi/ic_launcher_round.png": 1777100338.8447735,
  "android/app/src/main/res/mipmap-mdpi/splash.png": 1777100338.8447735,
  "android/app/src/main/res/mipmap-xhdpi/ic_launcher.png": 1777100338.8447735,
  "android/app/src/main/res/mipmap-xhdpi/ic_launcher_foreground.png": 1777100338.8450923,
  "android/app/src/main/res/mipmap-xhdpi/ic_launcher_round.png": 1777100338.8450923,
  "android/app/src/main/res/mipmap-xhdpi/splash.png": 1777100338.8450923,
  "android/app/src/main/res/mipmap-xxhdpi/ic_launcher.png": 1777100338.8450923,
  "android/app/src/main/res/mipmap-xxhdpi/ic_launcher_foreground.png": 1777100338.8456416,
  "android/app/src/main/res/mipmap-xxhdpi/ic_launcher_round.png": 1777100338.8456416,
  "android/app/src/main/res/mipmap-xxhdpi/splash.png": 1777100338.8456416,
  "android/app/src/main/res/mipmap-xxxhdpi/ic_launcher.png": 1777100338.8456416,
  "android/app/src/main/res/mipmap-xxxhdpi/ic_launcher_foreground.png": 1777100338.846239,
  "android/app/src/main/res/mipmap-xxxhdpi/ic_launcher_round.png": 1777100338.846239,
  "android/app/src/main/res/mipmap-xxxhdpi/splash.png": 1777100338.846239,
  "assets/GitHub_Logo.png": 1777100338.847161,